{"epochs": 10, "batch_size": 32, "learning_rate": 0.001, "train_accuracy": [0.9517833590507507, 0.9855666756629944, 0.9885500073432922, 0.9914500117301941, 0.993066668510437, 0.9944166541099548, 0.9954500198364258, 0.9964333176612854, 0.9965999722480774, 0.9974333047866821], "val_accuracy": [0.9800000190734863, 0.9830999970436096, 0.9900000095367432, 0.9904999732971191, 0.9900000095367432, 0.9898999929428101, 0.9919000267982483, 0.9896000027656555, 0.9907000064849854, 0.9902999997138977], "train_loss": [0.15548297762870789, 0.04731552302837372, 0.036151617765426636, 0.027282308787107468, 0.021387415006756783, 0.017406301572918892, 0.014414283446967602, 0.011563976295292377, 0.010170886293053627, 0.007933867163956165], "val_loss": [0.06258101761341095, 0.05294652283191681, 0.03037138096988201, 0.031091848388314247, 0.03152229264378548, 0.03483489528298378, 0.026605892926454544, 0.03929154947400093, 0.03558897599577904, 0.03430091217160225]}